txn_id,date,amount,currency,channel,description
CRD-646C4E77,2025-10-02,285.18,AED,CARD,Sharaf DG Electronics
BNK-DEEA0140,2025-09-18,342.77,AED,A2A,du Bill Payment
BNK-7AC44820,2025-09-24,1111.51,AED,CARD,Namshi Online
PAY-8FA4DC3F,2025-07-28,134.77,AED,CARD,Netflix.com Subscription
BNK-70BAECD9,2025-09-13,42.90,AED,CARD,McDonald's UAE
BNK-2F90DB8E,2025-09-18,713.78,AED,CARD,تبرع زكاة
BNK-2EAE31E1,2025-09-02,81.30,AED,CARD,ENOC EPPCO Service Station
CRD-A099C0C2,2025-10-01,118.70,AED,CARD,Dubai Taxi
CRD-7B6B1DCD,2025-09-07,28.62,AED,A2A,تبرع جمعية الهلال الأحمر
PAY-3492EDD5,2025-09-05,872.63,AED,A2A,FEWA Payment
PAY-D75EEA77,2025-09-14,738.92,AED,CARD,سالك - تعبئة
A2A-6EA11EC3,2025-09-03,389.32,AED,CARD,Union Coop Al Barsha
BNK-66F05C69,2025-08-04,580.44,AED,CARD,DEWA Online Payment - Dubai Electricity
A2A-A2BB9EA6,2025-08-28,393.17,AED,CARD,Virgin Mobile UAE
POS-147DF539,2025-09-25,118.15,AED,CARD,فاتورة دو
POS-BB90A658,2025-09-03,61.90,AED,WALLET,Dubai Taxi
CRD-11542036,2025-10-08,841.57,AED,CARD,دفع ديوا
POS-5EA142C9,2025-08-11,687.94,AED,CARD,دفع ديوا
CRD-F8BF2EF1,2025-09-18,60.29,AED,CARD,RTA NOL Recharge
A2A-29F0657F,2025-10-18,67.86,AED,CARD,Starbucks
PAY-7A74C583,2025-08-13,273.88,AED,CARD,Emax Electronics
A2A-89EA30A3,2025-08-13,155.85,AED,CARD,محطة أدنوك
BNK-57C09A0D,2025-08-20,925.49,AED,CARD,تبرع زكاة
POS-0EEC85CF,2025-10-10,936.74,AED,SO,Spinneys Jumeirah
PAY-12D5C6A7,2025-10-03,331.22,AED,CARD,KFC UAE
CRD-89EC6C00,2025-09-03,643.30,AED,SO,Virgin Megastore Dubai Mall
CRD-C17153C5,2025-08-02,40.55,AED,CARD,ACE Hardware Dubai
BNK-D252CC88,2025-09-12,8.94,AED,CARD,Careem Ride
POS-38548650,2025-10-20,575.80,AED,CARD,AADC Payment
A2A-F80300C6,2025-08-07,338.32,AED,CARD,Starbucks
POS-74F5A7F0,2025-09-20,53.46,AED,CARD,دفع ديوا
CRD-6A6210AA,2025-09-25,472.29,AED,CARD,ADDC Bill Payment
POS-EFB69FB0,2025-09-05,994.01,AED,A2A,اتصالات - دفع
POS-7D1000C0,2025-10-19,349.82,AED,WALLET,Supercare Pharmacy
PAY-CC277D2E,2025-10-19,4162.57,AED,CARD,تبرع زكاة
BNK-F53CD45E,2025-07-30,514.61,AED,CARD,IKEA Dubai Festival City
POS-81803ABD,2025-08-05,67.70,AED,CARD,اتصالات - Recharge e&
POS-C6050B67,2025-08-28,891.40,AED,CARD,اتصالات - دفع
PAY-D761353D,2025-09-05,91.12,AED,CARD,IKEA Dubai Festival City
A2A-623EEEC6,2025-07-30,105.96,AED,A2A,Talabat Order
POS-19BD64EC,2025-08-29,762.54,AED,CARD,Carrefour Hypermarket Mall of the Emirates
PAY-C72D5A79,2025-10-01,260.30,AED,WALLET,Pizza Hut
CRD-C9E663DB,2025-09-08,129.01,AED,REM,Mawaqif Parking Abu Dhabi
PAY-0AB0339B,2025-08-19,62.71,AED,CARD,Careem Ride
PAY-DECF46F7,2025-08-24,298.02,AED,CARD,Amazon AE
CRD-2D8FF5BA,2025-07-27,116.19,AED,CARD,Emarat Service Station
CRD-023671BB,2025-07-29,327.42,AED,A2A,Nando's
POS-DFA5FDE3,2025-10-17,99.63,AED,A2A,Nando's
CRD-4C4AAE7B,2025-10-08,702.77,AED,A2A,ADDC Bill Payment
CRD-7B951BD3,2025-10-07,168.51,AED,SO,اتصالات - Recharge e&
BNK-7F054CBA,2025-09-24,779.55,AED,CARD,Amazon AE
PAY-45B13C68,2025-08-28,195.68,AED,CARD,Noon.com
POS-288C2691,2025-10-10,821.36,AED,WALLET,مترو دبي - نول
CRD-99711BEB,2025-08-18,69.36,AED,CARD,Shake Shack
CRD-9383BC6E,2025-10-01,96.75,AED,A2A,Costa Coffee
POS-948AD76F,2025-09-10,117.98,AED,WALLET,Domino's
BNK-83CE657B,2025-10-01,556.65,AED,A2A,تبرع جمعية الهلال الأحمر
PAY-CA361FA0,2025-07-28,320.56,AED,CARD,شحن رصيد نول
PAY-BEFB9B67,2025-10-05,519.22,AED,A2A,NMC Hospital
A2A-FAA228F7,2025-08-02,222.39,AED,A2A,مواقف أبوظبي
POS-5487CD9F,2025-08-06,74.08,AED,A2A,Mawaqif Parking Abu Dhabi
CRD-8E1219A7,2025-09-16,122.94,AED,CARD,محطة أدنوك
POS-A5C0DC75,2025-09-06,877.87,AED,A2A,Spinneys Jumeirah
POS-0D7740AA,2025-09-09,1064.44,AED,CARD,Emax Electronics
CRD-52810058,2025-08-13,1841.53,AED,CARD,Emirates Airline
PAY-019CAAC2,2025-08-19,212.68,AED,CARD,Shake Shack
A2A-0C2A0082,2025-08-24,595.48,AED,CARD,ADDC Bill Payment
BNK-7199C15D,2025-10-02,66.31,AED,A2A,VOX Cinemas
A2A-07F10699,2025-10-15,326.66,AED,A2A,Papa John's
BNK-0A00483A,2025-10-06,340.85,AED,CARD,مواقف أبوظبي
CRD-78485535,2025-08-18,167.09,AED,WALLET,Dubai Duty Free
BNK-6471860E,2025-09-27,439.84,AED,CARD,Union Coop Al Barsha
POS-2ACB809E,2025-07-31,879.43,AED,CARD,اتصالات - دفع
A2A-CC0463FF,2025-08-15,281.06,AED,CARD,Tim Hortons
POS-594646E4,2025-08-08,149.56,AED,CARD,Mawaqif Parking Abu Dhabi
PAY-9E83F97B,2025-10-13,291.32,AED,CARD,اتصالات - Recharge e&
POS-9EEF7679,2025-08-02,94.59,AED,A2A,KFC UAE
PAY-AE1C51E9,2025-08-04,200.24,AED,A2A,KFC UAE
POS-9CEBF6CF,2025-10-01,809.50,AED,A2A,محطة أدنوك
POS-5F0B1289,2025-09-09,1078.63,AED,REM,Noon.com
A2A-A49C3D5E,2025-09-06,144.67,AED,A2A,Fitness First Monthly
BNK-F8502928,2025-08-06,513.36,AED,CARD,سالك - تعبئة
POS-19F02D74,2025-08-21,118.63,AED,A2A,Talabat Order
POS-7E8EA3E2,2025-08-31,103.23,AED,CARD,ADNOC Service Station Abu Dhabi
A2A-F0DB3FAD,2025-08-15,20.12,AED,A2A,Emax Electronics
CRD-3E0E29D3,2025-07-31,39.87,AED,A2A,Shahid VIP
POS-F33A1DDD,2025-09-22,238.35,AED,CARD,Etisalat Recharge
PAY-2CC45975,2025-10-13,544.75,AED,A2A,DEWA Online Payment - Dubai Electricity
PAY-79C540D1,2025-08-14,319.10,AED,A2A,RTA Taxi
POS-AB7B2850,2025-08-18,115.44,AED,REM,Mawaqif Parking Abu Dhabi
PAY-6D558B67,2025-10-23,17.80,AED,CARD,STARZPLAY Arabia
A2A-1B8D73F3,2025-09-18,119.56,AED,CARD,ADNOC Service Station Abu Dhabi
POS-00D4B59E,2025-08-22,627.03,AED,A2A,AADC Payment
A2A-529C70B4,2025-08-09,714.15,AED,CARD,Supercare Pharmacy
POS-15798C14,2025-08-31,1154.70,AED,A2A,Jumbo Electronics
POS-D21F4789,2025-09-04,677.94,AED,CARD,NMC Hospital
A2A-2676EEAD,2025-08-06,57.67,AED,WALLET,du Bill Payment
BNK-A6018EE3,2025-08-29,393.92,AED,SO,اتصالات - Recharge e&
CRD-11D704F5,2025-09-24,568.35,AED,CARD,ACE Hardware Dubai
PAY-B714415E,2025-08-13,603.98,AED,CARD,Amazon AE
POS-60620707,2025-10-15,141.54,AED,CARD,Fitness First Monthly
CRD-65BCEF08,2025-09-13,66.12,AED,CARD,McDonald's UAE
A2A-C6B79C04,2025-10-18,143.47,AED,CARD,Spinneys Jumeirah
BNK-CC6D24A2,2025-10-21,96.88,AED,A2A,Dubai Taxi
POS-60E41C2E,2025-08-02,660.74,AED,CARD,Grandiose Supermarket
A2A-EBFE6229,2025-10-18,728.58,AED,CARD,SEWA Bill Payment
POS-B8E7CC65,2025-09-23,90.42,AED,CARD,اتصالات - دفع
CRD-BFC2156E,2025-10-16,740.86,AED,CARD,IKEA Dubai Festival City
POS-2AC12CB3,2025-10-07,488.66,AED,WALLET,Dragon Mart Purchase
A2A-8435310A,2025-08-15,270.79,AED,A2A,Pizza Hut
PAY-519F244A,2025-10-23,817.56,AED,CARD,دفع ديوا
BNK-42B89067,2025-10-24,158.17,AED,CARD,Dubai Duty Free
CRD-0C0737CD,2025-09-12,146.43,AED,CARD,Deliveroo Payment
PAY-1849D36F,2025-08-19,74.55,AED,CARD,STARZPLAY Arabia
POS-461BAAEB,2025-08-10,73.59,AED,SO,Roxy Cinemas
BNK-E9BCDA43,2025-08-05,81.77,AED,CARD,Union Coop Al Barsha
BNK-2D9E3A4C,2025-10-22,131.35,AED,CARD,Burger King
BNK-BAA8AFAB,2025-08-14,779.07,AED,A2A,Lulu Hypermarket Dubai
A2A-7E706990,2025-09-21,339.30,AED,CARD,تبرع جمعية الهلال الأحمر
A2A-E870908E,2025-09-19,238.07,AED,CARD,Zomato UAE
PAY-A87ED6E5,2025-10-17,225.83,AED,A2A,Zomato UAE
PAY-A51BDB34,2025-08-19,418.02,AED,A2A,du Bill Payment
PAY-50C332B2,2025-10-02,668.39,AED,CARD,Sharaf DG Electronics
PAY-28A47E27,2025-09-11,922.81,AED,CARD,Mediclinic Dubai
POS-C11293B1,2025-08-20,172.74,AED,A2A,ADNOC Service Station Abu Dhabi
A2A-DAFC6559,2025-07-26,25.59,AED,WALLET,Costa Coffee
BNK-56B6E13C,2025-10-21,113.88,AED,WALLET,RTA NOL Recharge
CRD-5A67E751,2025-08-28,21.28,AED,CARD,Mawaqif Parking Abu Dhabi
A2A-416D4E69,2025-08-11,355.50,AED,A2A,دفع ديوا
A2A-DE7A129B,2025-08-17,798.37,AED,CARD,Dragon Mart Purchase
BNK-8F92EF93,2025-08-31,638.96,AED,CARD,SEWA Bill Payment
POS-38AC292C,2025-09-20,894.93,AED,A2A,دفع ديوا
CRD-EA600A92,2025-10-12,128.61,AED,CARD,محطة أدنوك
BNK-A911EA12,2025-08-12,158.16,AED,A2A,IKEA Dubai Festival City
A2A-44D7C720,2025-08-12,132.22,AED,WALLET,تبرع زكاة
A2A-6EDFCD24,2025-09-28,148.01,AED,CARD,Mawaqif Parking Abu Dhabi
PAY-EC1299BF,2025-09-30,1783.18,AED,CARD,Etihad Airways
POS-ED273289,2025-07-30,224.46,AED,CARD,du Bill Payment
CRD-4626092A,2025-09-08,97.73,AED,CARD,Careem Ride
PAY-8E14F054,2025-10-18,60.14,AED,A2A,Careem Ride
A2A-B7DB4A50,2025-10-09,321.74,AED,WALLET,Costa Coffee
A2A-C9466847,2025-08-31,252.52,AED,A2A,Union Coop Al Barsha
A2A-CB4CBEFC,2025-10-06,834.02,AED,CARD,Airbnb
PAY-5CEF361D,2025-08-25,212.45,AED,CARD,Talabat Order
A2A-B19DB04A,2025-08-31,778.50,AED,WALLET,Union Coop Al Barsha
PAY-4C7BC0A1,2025-07-29,202.13,AED,CARD,Emarat Service Station
PAY-E2741369,2025-09-01,171.62,AED,CARD,Emarat Service Station
A2A-21416838,2025-10-02,224.09,AED,CARD,Deliveroo Payment
BNK-10782955,2025-10-06,86.33,AED,CARD,Burger King
A2A-A39B47E6,2025-08-03,187.31,AED,A2A,Zakat Fund Donation
PAY-04EB84C1,2025-09-23,401.20,AED,CARD,دفع ديوا
POS-FB6CC255,2025-09-08,20.17,AED,A2A,Tim Hortons
PAY-D32A093B,2025-08-01,112.57,AED,A2A,Careem Ride
POS-B35BAADA,2025-09-30,92.38,AED,CARD,Deliveroo Payment
A2A-EECE3E0A,2025-09-26,493.84,AED,WALLET,AADC Payment
PAY-96BAA39F,2025-07-28,790.89,AED,A2A,DEWA Online Payment - Dubai Electricity
BNK-D33CAFAA,2025-09-12,262.98,AED,CARD,فاتورة دو
PAY-3EACCA91,2025-08-30,1895.56,AED,CARD,Hala Taxi
PAY-5E8D17ED,2025-08-25,52.40,AED,WALLET,ENOC EPPCO Service Station
A2A-05A022B0,2025-09-18,892.39,AED,A2A,Lulu Hypermarket Dubai
PAY-AF315BA7,2025-08-22,83.28,AED,CARD,Emarat Service Station
BNK-2CA317F3,2025-08-15,702.39,AED,CARD,Spinneys Jumeirah
BNK-3CA178F4,2025-09-15,266.79,AED,A2A,فاتورة دو
BNK-56BBD2E2,2025-09-19,74.23,AED,A2A,Dubai Taxi
CRD-B33606E0,2025-08-30,109.91,AED,CARD,مواقف أبوظبي
CRD-65FE1CEC,2025-09-17,288.68,AED,A2A,Sharaf DG Electronics
A2A-8D4C8F42,2025-09-13,71.61,AED,CARD,Dubai Taxi
CRD-4B2106AC,2025-09-21,136.45,AED,A2A,اتصالات - دفع
A2A-8C07E973,2025-09-06,28.16,AED,CARD,GymNation Membership
BNK-E18E4EB3,2025-10-24,598.73,AED,CARD,AADC Payment
POS-0383EFE4,2025-10-16,165.72,AED,CARD,اتصالات - دفع
CRD-84D092BC,2025-08-03,141.09,AED,A2A,اتصالات - دفع
CRD-89A7FFE2,2025-08-15,126.02,AED,WALLET,Salik Top-up
A2A-6E6807AD,2025-08-28,236.51,AED,CARD,مترو دبي - نول
A2A-6667BB7E,2025-07-26,24.33,AED,CARD,Dubai Taxi
A2A-06998A28,2025-08-21,85.43,AED,CARD,Lulu Hypermarket Dubai
CRD-9A01479A,2025-09-05,621.17,AED,CARD,Dubai Duty Free
PAY-2E2D2A6C,2025-08-16,784.39,AED,REM,محطة أدنوك
POS-B2F0A02C,2025-08-05,64.69,AED,WALLET,Deliveroo Payment
A2A-C03E92BB,2025-10-13,148.36,AED,A2A,Nando's
POS-E08356BF,2025-08-12,1075.95,AED,CARD,Lulu Hypermarket Dubai
PAY-8F7ACC5B,2025-08-14,466.41,AED,CARD,FEWA Payment
POS-AD1D3D45,2025-08-19,219.23,AED,CARD,Shake Shack
CRD-538978E0,2025-09-11,273.75,AED,A2A,تبرع جمعية الهلال الأحمر
CRD-1EF84B4A,2025-07-26,89.05,AED,CARD,Five Guys
PAY-78CB996D,2025-09-13,174.18,AED,A2A,Noon.com
CRD-2672BB10,2025-09-11,65.16,AED,CARD,ENOC EPPCO Service Station
BNK-B72E29F9,2025-08-24,598.06,AED,CARD,سالك - تعبئة
PAY-43724D97,2025-07-29,64.94,AED,A2A,Emirates Red Crescent Donation
POS-12A5C0A1,2025-10-01,155.10,AED,CARD,Shahid VIP
POS-7034920B,2025-10-08,127.51,AED,A2A,Careem Ride
BNK-44506CCF,2025-09-02,887.85,AED,CARD,IKEA Dubai Festival City
BNK-A06CDD6B,2025-09-01,126.72,AED,CARD,محطة أدنوك
PAY-FFA67A12,2025-08-18,56.66,AED,CARD,Virgin Mobile UAE
CRD-6D4B1259,2025-10-01,767.92,AED,WALLET,Dubai Duty Free
PAY-A3A905B6,2025-10-06,812.48,AED,CARD,Mediclinic Dubai
A2A-04A55F77,2025-08-15,515.06,AED,CARD,Dubai Duty Free
PAY-0C58CFE1,2025-09-14,655.58,AED,CARD,Amazon AE
POS-F6A44200,2025-08-19,106.89,AED,A2A,ENOC EPPCO Service Station
PAY-A1B32438,2025-10-10,147.47,AED,CARD,اتصالات - دفع
A2A-4A302D13,2025-08-08,209.09,AED,CARD,Noon.com
CRD-1174DCC4,2025-10-17,100.44,AED,A2A,Emarat Service Station
A2A-EDF83EC2,2025-10-12,261.85,AED,CARD,Costa Coffee
BNK-57AD2855,2025-10-03,52.67,AED,WALLET,Dubai Duty Free
PAY-1D87DDB1,2025-08-16,132.89,AED,A2A,Fitness First Monthly
A2A-4F197424,2025-09-03,1033.68,AED,A2A,Noon.com
POS-72D9AA9D,2025-10-10,95.70,AED,CARD,اتصالات - Recharge e&
BNK-ADE0FF0F,2025-09-16,1327.40,AED,A2A,Uber UAE
BNK-4C0120FD,2025-09-07,329.26,AED,CARD,فاتورة دو
CRD-CCF1B2ED,2025-10-10,464.50,AED,CARD,Dragon Mart Purchase
CRD-4E275ED2,2025-08-07,139.50,AED,CARD,Dubai Taxi
POS-48790B4E,2025-09-13,876.04,AED,CARD,FEWA Payment
PAY-86CC270A,2025-08-24,694.10,AED,A2A,SEWA Bill Payment
CRD-8F5A20F6,2025-10-13,168.26,AED,CARD,McDonald's UAE
A2A-25CD9E9E,2025-10-23,259.58,AED,CARD,Zomato UAE
BNK-74C5070D,2025-09-27,121.91,AED,CARD,Sharaf DG Electronics
PAY-F7DC99C6,2025-10-17,861.75,AED,CARD,Supercare Pharmacy
POS-46939749,2025-08-08,538.13,AED,CARD,AADC Payment
BNK-7D6594BE,2025-07-28,125.66,AED,CARD,دفع ديوا
A2A-01BE38CF,2025-08-12,438.94,AED,CARD,Virgin Mobile UAE
PAY-FEE59D45,2025-08-04,19.25,AED,WALLET,Costa Coffee
POS-397934B0,2025-08-16,207.39,AED,CARD,Emarat Service Station
BNK-9B533FB3,2025-08-18,128.60,AED,CARD,Careem Ride
CRD-2FC058F2,2025-08-02,136.51,AED,A2A,Costa Coffee
A2A-D0832670,2025-08-10,104.29,AED,CARD,مواقف أبوظبي
PAY-9F79D24F,2025-08-10,29.58,AED,CARD,Starbucks
BNK-E87AEB4C,2025-08-25,826.14,AED,A2A,Etihad Airways
A2A-47BC4C15,2025-10-23,398.16,AED,CARD,اتصالات - Recharge e&
POS-7ACCFF4F,2025-09-27,602.51,AED,CARD,Spinneys Jumeirah
POS-F4207677,2025-10-23,399.04,AED,CARD,Emax Electronics
CRD-7DEB8DD5,2025-10-13,1146.74,AED,WALLET,Hala Taxi
CRD-BFDD93D1,2025-09-18,148.10,AED,CARD,Noon.com
PAY-3116AFB0,2025-09-15,100.63,AED,A2A,Salik Top-up
A2A-DF337075,2025-08-06,312.61,AED,REM,سالك - تعبئة
BNK-E24E902C,2025-10-03,1003.85,AED,CARD,محطة أدنوك
PAY-89C694D1,2025-09-30,57.27,AED,CARD,Papa John's
POS-3547C115,2025-09-14,999.98,AED,CARD,NMC Hospital
CRD-E731ADDB,2025-09-03,127.01,AED,A2A,Talabat Order
BNK-C2CC1B5B,2025-09-22,396.14,AED,A2A,Etisalat Recharge
A2A-296FEE47,2025-09-27,685.70,AED,CARD,FEWA Payment
BNK-6B462180,2025-10-14,142.21,AED,A2A,STARZPLAY Arabia
POS-B2B57177,2025-08-23,585.71,AED,A2A,محطة أدنوك
PAY-E2C26022,2025-10-23,312.37,AED,CARD,شحن رصيد نول
CRD-16FD559F,2025-10-23,891.95,AED,CARD,دفع ديوا
PAY-F6E55E16,2025-08-18,18.61,AED,CARD,Domino's
BNK-5F06BF0A,2025-10-15,15.30,AED,CARD,سالك - تعبئة
BNK-DD71BF98,2025-10-20,435.19,AED,WALLET,Virgin Mobile UAE
BNK-0AE8FB8E,2025-09-25,436.75,AED,CARD,مترو دبي - نول
PAY-4240D08B,2025-07-28,84.14,AED,CARD,Nando's
POS-F0803F1F,2025-09-25,41.12,AED,CARD,مترو دبي - نول
BNK-66C7F271,2025-09-23,807.68,AED,CARD,DEWA Online Payment - Dubai Electricity
POS-0A76C7D7,2025-10-18,236.98,AED,A2A,Emax Electronics
POS-CADAB0F6,2025-07-30,515.65,AED,CARD,FEWA Payment
POS-AF5DED8D,2025-09-21,354.67,AED,CARD,DEWA Online Payment - Dubai Electricity
POS-6473CE35,2025-10-18,642.69,AED,CARD,Noon.com
BNK-C6E3ED91,2025-08-04,146.98,AED,A2A,Roxy Cinemas
BNK-1B1BBB84,2025-09-07,111.72,AED,CARD,مواقف أبوظبي
PAY-94E4AE3D,2025-09-14,96.08,AED,CARD,دفع ديوا
BNK-E2B25C0D,2025-10-24,50.82,AED,CARD,Nando's
BNK-DFC757A5,2025-10-14,418.85,AED,WALLET,Dubai Duty Free
CRD-B5CD7E95,2025-09-05,129.11,AED,A2A,تبرع زكاة
A2A-6C0AE439,2025-08-27,789.02,AED,CARD,Amazon AE
BNK-FE61844C,2025-10-02,1506.71,AED,CARD,Hala Taxi
CRD-48C987A8,2025-10-08,16.33,AED,A2A,Mawaqif Parking Abu Dhabi
CRD-51FCC729,2025-09-04,626.93,AED,CARD,Lulu Hypermarket Dubai
POS-9A09AFF7,2025-10-05,843.23,AED,CARD,Virgin Megastore Dubai Mall
POS-468A76F5,2025-07-30,557.07,AED,CARD,SEWA Bill Payment
A2A-B5A29769,2025-08-01,102.69,AED,CARD,اتصالات - دفع
BNK-5C69A2A9,2025-08-24,406.99,AED,A2A,Emax Electronics
CRD-1085BBFB,2025-09-19,100.25,AED,CARD,مترو دبي - نول
A2A-46153F65,2025-09-20,290.82,AED,WALLET,Deliveroo Payment
A2A-1F3A1B4B,2025-08-13,137.80,AED,CARD,ENOC EPPCO Service Station
A2A-74D1234C,2025-08-28,604.85,AED,CARD,FEWA Payment
PAY-7B26BD6D,2025-08-29,202.11,AED,CARD,Subway
PAY-5A8956E0,2025-09-22,121.64,AED,CARD,Mawaqif Parking Abu Dhabi
CRD-FD928629,2025-08-23,655.42,AED,CARD,محطة أدنوك
CRD-607198B0,2025-08-20,327.73,AED,A2A,Virgin Mobile UAE
CRD-932BC0DB,2025-10-24,413.07,AED,CARD,FEWA Payment
BNK-6BA08D52,2025-10-05,167.66,AED,CARD,McDonald's UAE
PAY-451F036A,2025-08-23,615.80,AED,CARD,Amazon AE
CRD-B435BF29,2025-09-03,262.60,AED,CARD,سالك - تعبئة
POS-D5B812A7,2025-08-05,102.28,AED,CARD,ENOC EPPCO Service Station
BNK-A5153B48,2025-10-19,302.16,AED,CARD,IKEA Dubai Festival City
CRD-3F67D317,2025-07-26,345.91,AED,WALLET,KFC UAE
CRD-DC5C6366,2025-08-03,675.50,AED,CARD,Noon.com
PAY-F36B0E00,2025-09-17,35.08,AED,CARD,فاتورة دو
A2A-4FC823A6,2025-07-31,39.86,AED,A2A,Zomato UAE
BNK-1C6867C9,2025-09-30,227.21,AED,CARD,Deliveroo Payment
POS-E9327CDD,2025-10-08,657.51,AED,A2A,AADC Payment
CRD-6FDBD80E,2025-08-14,131.65,AED,CARD,Talabat Order
POS-DAF76316,2025-08-01,97.55,AED,CARD,Subway
A2A-3C6B2686,2025-10-21,120.46,AED,CARD,Careem Ride
BNK-AEFAFE9C,2025-08-16,278.95,AED,CARD,Subway
BNK-D8667D54,2025-10-07,858.78,AED,WALLET,ADDC Bill Payment
CRD-6C41B896,2025-10-18,131.35,AED,SO,ADNOC Service Station Abu Dhabi
BNK-FAC98AD8,2025-08-18,177.63,AED,SO,STARZPLAY Arabia
POS-04ACD5C9,2025-08-10,15.05,AED,A2A,Caribou Coffee
PAY-6F15A1A2,2025-09-14,176.06,AED,CARD,Anghami Plus
BNK-8D16B09F,2025-09-24,787.82,AED,CARD,Amazon AE
CRD-EDC94ACF,2025-10-20,273.04,AED,CARD,Dragon Mart Purchase
POS-8E81E8D0,2025-09-26,492.74,AED,CARD,Jumbo Electronics
BNK-B3C8D7F3,2025-10-16,553.98,AED,CARD,Carrefour Hypermarket Mall of the Emirates
BNK-FEEE5654,2025-10-22,667.82,AED,CARD,Dubai Duty Free
POS-1EF1BCF2,2025-09-21,38.44,AED,CARD,Caribou Coffee
PAY-2E1609AD,2025-09-26,224.16,AED,WALLET,Etihad Airways
CRD-A43AAE01,2025-08-29,687.26,AED,CARD,Virgin Megastore Dubai Mall
POS-9849C9F6,2025-09-01,248.11,AED,A2A,BinSina Pharmacy
A2A-B3AB8FD0,2025-08-22,253.49,AED,CARD,Papa John's
PAY-EF56D045,2025-10-20,237.87,AED,CARD,Nando's
PAY-0717192C,2025-10-09,74.83,AED,A2A,Careem Ride
POS-58F5580C,2025-08-06,1025.48,AED,CARD,Emax Electronics
BNK-690616D8,2025-10-05,78.60,AED,CARD,اتصالات - Recharge e&
PAY-2F142217,2025-08-14,584.67,AED,A2A,IKEA Dubai Festival City
CRD-7B7E430C,2025-09-30,277.48,AED,WALLET,Etisalat Recharge
CRD-5FFB4749,2025-08-24,936.76,AED,CARD,Union Coop Al Barsha
A2A-D9AD53C8,2025-08-29,169.97,AED,CARD,Caribou Coffee
PAY-AA14A34A,2025-10-18,208.22,AED,CARD,Supercare Pharmacy
BNK-8C00B97B,2025-10-10,308.97,AED,CARD,Nando's
A2A-E1F31A4E,2025-08-29,612.50,AED,CARD,Dubai Duty Free
BNK-0695AA70,2025-09-29,279.70,AED,CARD,Caribou Coffee
POS-5941BA18,2025-10-20,379.87,AED,CARD,Union Coop Al Barsha
CRD-F1A8232C,2025-10-03,732.00,AED,CARD,Supercare Pharmacy
A2A-624D4067,2025-10-01,1104.41,AED,CARD,IKEA Dubai Festival City
BNK-4F2EA14C,2025-10-14,347.97,AED,CARD,du Bill Payment
A2A-65AF612B,2025-09-24,153.22,AED,A2A,Pizza Hut
CRD-BA4544AF,2025-10-15,320.87,AED,CARD,Dragon Mart Purchase
CRD-AA12804A,2025-10-03,94.54,AED,A2A,Careem Ride
A2A-E56F03E2,2025-08-12,140.59,AED,CARD,VOX Cinemas
A2A-C0143D36,2025-09-19,1004.51,AED,A2A,Mediclinic Dubai
BNK-164618FB,2025-08-13,1460.50,AED,CARD,RTA Taxi
POS-10DA44E1,2025-07-29,677.47,AED,SO,ACE Hardware Dubai
CRD-02A6A709,2025-09-08,64.19,AED,A2A,اتصالات - Recharge e&
PAY-199FBADE,2025-07-30,195.90,AED,CARD,Talabat Order
PAY-C094B018,2025-10-23,157.62,AED,CARD,ADNOC Service Station Abu Dhabi
A2A-0AF6C20B,2025-08-10,761.98,AED,REM,NMC Hospital
POS-551282F3,2025-10-19,343.92,AED,CARD,Costa Coffee
A2A-67887FCD,2025-08-05,233.03,AED,CARD,Aster Clinic
BNK-1C25484B,2025-09-04,1006.91,AED,CARD,Lulu Hypermarket Dubai
BNK-49F4927D,2025-08-14,219.19,AED,CARD,Etisalat Recharge
POS-5D691F9C,2025-08-03,105.33,AED,CARD,Spotify Subscription
A2A-6C477B53,2025-09-14,781.22,AED,CARD,Virgin Megastore Dubai Mall
A2A-B6CC590C,2025-08-28,89.17,AED,CARD,Emarat Service Station
POS-D957D400,2025-07-31,70.10,AED,CARD,RTA NOL Recharge
POS-E5B8D179,2025-10-08,78.80,AED,A2A,GymNation Membership
POS-31A3B57B,2025-08-29,69.26,AED,CARD,Caribou Coffee
CRD-C548ADC2,2025-10-07,917.99,AED,A2A,Lulu Hypermarket Dubai
POS-048004AC,2025-09-23,807.75,AED,REM,SEWA Bill Payment
POS-A0868C08,2025-07-26,1069.25,AED,A2A,ACE Hardware Dubai
CRD-ABD02AB8,2025-08-22,70.05,AED,CARD,Starbucks
BNK-FC648377,2025-08-31,667.70,AED,WALLET,Virgin Megastore Dubai Mall
BNK-ECB32E5B,2025-09-11,897.92,AED,REM,AADC Payment
POS-A16B9F92,2025-07-28,65.63,AED,CARD,Tim Hortons
BNK-F33690BE,2025-08-18,278.77,AED,CARD,Virgin Mobile UAE
PAY-EF37C57C,2025-08-04,41.30,AED,A2A,Shahid VIP
A2A-22E2D369,2025-09-16,31.23,AED,A2A,Emax Electronics
POS-5D4C9395,2025-10-04,281.26,AED,CARD,Caribou Coffee
BNK-78D88CCA,2025-10-21,470.51,AED,WALLET,Dubai Duty Free
PAY-1398CB7B,2025-08-05,30.62,AED,WALLET,Deliveroo Payment
BNK-9603B38F,2025-08-06,70.02,AED,A2A,Salik Top-up
A2A-FC26F6B0,2025-10-04,341.26,AED,A2A,Starbucks
CRD-3104808B,2025-07-26,42.06,AED,A2A,RTA NOL Recharge
A2A-07532F21,2025-09-02,191.51,AED,CARD,Netflix.com Subscription
A2A-9591F1D1,2025-10-01,90.30,AED,REM,Mawaqif Parking Abu Dhabi
POS-3C5FA0BD,2025-09-11,833.96,AED,CARD,NMC Hospital
A2A-A2B545E5,2025-07-27,276.18,AED,CARD,Jollibee UAE
POS-BF4EC278,2025-08-27,140.82,AED,A2A,DEWA Online Payment - Dubai Electricity
BNK-EAD19124,2025-09-22,578.64,AED,CARD,Emax Electronics
CRD-8C13A97A,2025-07-28,135.88,AED,CARD,Dubai Taxi
BNK-13DF0129,2025-08-12,306.54,AED,CARD,du Bill Payment
PAY-2AF70749,2025-09-26,99.81,AED,CARD,Nando's
POS-EED620CC,2025-10-21,299.41,AED,A2A,AADC Payment
A2A-04539634,2025-09-01,144.14,AED,CARD,Etihad Airways
PAY-4C33592D,2025-10-07,791.75,AED,CARD,AADC Payment
BNK-FBC00D83,2025-09-24,33.73,AED,CARD,KFC UAE
PAY-14167FFF,2025-08-27,90.45,AED,CARD,ADNOC Service Station Abu Dhabi
BNK-94ECC011,2025-07-31,135.04,AED,CARD,Roxy Cinemas
POS-70DD460D,2025-09-18,104.40,AED,A2A,IKEA Dubai Festival City
CRD-E21CD8D7,2025-08-24,203.60,AED,A2A,Noon.com
BNK-8854F09C,2025-08-01,322.44,AED,A2A,Hala Taxi
POS-5CCC1B03,2025-08-31,879.27,AED,A2A,NMC Hospital
A2A-A7E06B5D,2025-07-28,207.12,AED,REM,Union Coop Al Barsha
A2A-9327D091,2025-08-27,21.63,AED,CARD,Namshi Online
POS-EA00251C,2025-08-05,1082.24,AED,A2A,Lulu Hypermarket Dubai
CRD-993BCD02,2025-08-27,350.23,AED,WALLET,Hala Taxi
POS-D785D453,2025-10-22,237.74,AED,CARD,Papa John's
CRD-5965D8C5,2025-08-18,19.41,AED,CARD,Nando's
PAY-C720E8AC,2025-08-01,116.48,AED,CARD,ADNOC Service Station Abu Dhabi
BNK-E70ED23D,2025-10-15,30.82,AED,CARD,VOX Cinemas
CRD-0068F44B,2025-09-29,231.65,AED,CARD,Domino's
BNK-CF410E37,2025-08-30,159.25,AED,WALLET,ACE Hardware Dubai
POS-E235FD98,2025-09-30,818.09,AED,CARD,IKEA Dubai Festival City
BNK-7D1A6931,2025-08-24,151.19,AED,A2A,Emarat Service Station
BNK-12ECB9FB,2025-09-29,558.21,AED,CARD,Emax Electronics
A2A-1931F81C,2025-08-08,23.80,AED,CARD,VOX Cinemas
POS-354B7F00,2025-08-22,24.18,AED,CARD,Domino's
POS-0D2C59B9,2025-09-23,242.91,AED,CARD,FEWA Payment
CRD-3501901F,2025-08-05,263.77,AED,SO,Virgin Mobile UAE
BNK-49219555,2025-07-28,199.85,AED,CARD,Fitness First Monthly
CRD-FFDA126B,2025-08-16,324.75,AED,CARD,Shake Shack
PAY-0F4BBDD3,2025-10-23,26.02,AED,CARD,Virgin Megastore Dubai Mall
A2A-5E0457C3,2025-07-28,148.64,AED,A2A,DEWA Online Payment - Dubai Electricity
POS-4B05657B,2025-08-02,283.17,AED,CARD,Union Coop Al Barsha
A2A-2DAFFCE1,2025-10-21,116.65,AED,WALLET,Careem Ride
BNK-1A8D33F9,2025-08-19,115.47,AED,WALLET,Emarat Service Station
BNK-A26B748F,2025-10-07,130.31,AED,CARD,ENOC EPPCO Service Station
PAY-4112215F,2025-09-13,346.46,AED,CARD,Union Coop Al Barsha
BNK-8ACFD433,2025-07-27,169.60,AED,CARD,IKEA Dubai Festival City
CRD-84EB6322,2025-09-19,132.85,AED,A2A,ADNOC Service Station Abu Dhabi
PAY-80D7CA9C,2025-10-06,195.17,AED,CARD,Nando's
POS-75E40B38,2025-10-22,81.08,AED,A2A,Virgin Mobile UAE
CRD-7B08D722,2025-09-23,784.81,AED,CARD,Grandiose Supermarket
A2A-14D61A62,2025-07-29,304.74,AED,CARD,Virgin Megastore Dubai Mall
BNK-0511FF71,2025-10-09,180.99,AED,CARD,Five Guys
POS-8DE493F6,2025-09-20,67.81,AED,CARD,Salik Top-up
PAY-1B423741,2025-07-27,127.15,AED,CARD,ADNOC Service Station Abu Dhabi
BNK-EA608003,2025-10-18,722.58,AED,CARD,Union Coop Al Barsha
A2A-DDF4276E,2025-09-01,262.73,AED,CARD,Pizza Hut
A2A-F07B00EA,2025-07-29,264.57,AED,CARD,KFC UAE
CRD-680EA3BD,2025-07-26,951.38,AED,CARD,Sharaf DG Electronics
POS-67AE446D,2025-08-20,147.56,AED,REM,ENOC EPPCO Service Station
CRD-3DE78A17,2025-08-25,144.21,AED,WALLET,Shahid VIP
PAY-75F65C1E,2025-09-01,893.59,AED,CARD,Dragon Mart Purchase
A2A-DE05E125,2025-10-20,1115.73,AED,CARD,Lulu Hypermarket Dubai
A2A-22AA544B,2025-10-15,187.09,AED,CARD,ENOC EPPCO Service Station
CRD-FDBD4A3B,2025-09-05,475.36,AED,CARD,Noon.com
CRD-B08BB91F,2025-09-07,55.46,AED,A2A,Five Guys
PAY-C64987F3,2025-08-01,333.96,AED,CARD,Lulu Hypermarket Dubai
POS-3143FF95,2025-09-07,1751.83,AED,CARD,Airbnb
POS-65225EE4,2025-10-13,104.13,AED,A2A,ENOC EPPCO Service Station
CRD-C7FA98FD,2025-09-13,127.17,AED,CARD,Etisalat Recharge
A2A-FE0E4D90,2025-09-02,489.74,AED,CARD,Life Pharmacy
BNK-9B175831,2025-09-14,106.16,AED,SO,Emarat Service Station
CRD-A0AA2135,2025-10-15,105.52,AED,CARD,Salik Top-up
BNK-C6E8D2C9,2025-08-23,31.44,AED,CARD,Fitness First Monthly
PAY-AA428216,2025-08-24,41.97,AED,CARD,Caribou Coffee
A2A-CE0BCC6E,2025-09-07,513.29,AED,CARD,DEWA Online Payment - Dubai Electricity
POS-D39610CD,2025-09-10,286.66,AED,CARD,Jollibee UAE
A2A-20D93EC7,2025-09-17,1175.50,AED,CARD,Emax Electronics
BNK-DE2AA923,2025-08-16,154.10,AED,CARD,Shahid VIP
CRD-20BEEB91,2025-10-04,122.87,AED,CARD,Domino's
CRD-8A6E9AAE,2025-08-03,217.35,AED,CARD,Deliveroo Payment
POS-DE8E0453,2025-09-16,231.29,AED,A2A,Talabat Order
POS-3F5196BC,2025-10-07,50.71,AED,WALLET,Shake Shack
PAY-218D37A4,2025-09-29,1102.51,AED,WALLET,Emax Electronics
CRD-E9930037,2025-07-27,83.71,AED,CARD,Namshi Online
BNK-69BE8CF9,2025-09-18,27.68,AED,CARD,Deliveroo Payment
BNK-35E55F27,2025-10-05,229.21,AED,CARD,SEWA Bill Payment
PAY-E6EA534F,2025-08-15,175.77,AED,A2A,ENOC EPPCO Service Station
POS-D8EC1B64,2025-09-10,87.69,AED,A2A,Shahid VIP
BNK-49C7A5E9,2025-09-07,85.82,AED,A2A,Careem Ride
BNK-342BA1FA,2025-09-20,67.28,AED,CARD,KFC UAE
POS-6F433E7D,2025-10-07,187.27,AED,A2A,Pizza Hut
POS-7EC6BDD8,2025-09-30,1310.79,AED,CARD,Booking.com
BNK-6EC651B3,2025-09-26,1186.30,AED,CARD,GEMS School Fees
CRD-F7C0D913,2025-10-09,985.18,AED,CARD,Grandiose Supermarket
PAY-BBEC7B42,2025-10-01,60.17,AED,CARD,Carrefour Hypermarket Mall of the Emirates
CRD-32EF51BF,2025-10-11,77.99,AED,A2A,Mawaqif Parking Abu Dhabi
CRD-BCC3B3A7,2025-09-19,1068.86,AED,CARD,Supercare Pharmacy
PAY-196A171B,2025-09-11,413.30,AED,CARD,Lulu Hypermarket Dubai
CRD-12B3EBD1,2025-08-23,90.40,AED,CARD,Shake Shack
A2A-A8B6016C,2025-09-21,705.42,AED,WALLET,Dubai Duty Free
A2A-180717BF,2025-08-30,213.53,AED,CARD,Dubai Duty Free
CRD-033A21FE,2025-09-01,662.57,AED,CARD,Namshi Online
CRD-358449BF,2025-08-15,102.77,AED,CARD,GymNation Membership
BNK-943EAABA,2025-08-09,189.34,AED,CARD,du Bill Payment
PAY-630A2559,2025-08-05,405.38,AED,SO,Union Coop Al Barsha
A2A-13543076,2025-09-10,185.12,AED,CARD,ADNOC Service Station Abu Dhabi
A2A-B115EAD1,2025-09-29,49.21,AED,WALLET,Subway
A2A-62082D42,2025-09-30,518.56,AED,CARD,Amazon AE
BNK-49EB700C,2025-08-19,798.50,AED,WALLET,IKEA Dubai Festival City
POS-F5286706,2025-09-30,66.43,AED,A2A,Mawaqif Parking Abu Dhabi
BNK-967CD21B,2025-10-01,1076.61,AED,WALLET,Life Pharmacy
POS-E6AB5C43,2025-09-20,177.39,AED,CARD,ADNOC Service Station Abu Dhabi
POS-50483864,2025-10-06,525.47,AED,A2A,Dubai Duty Free
BNK-34289A39,2025-08-27,320.63,AED,REM,Papa John's
PAY-EF43363A,2025-08-27,403.12,AED,CARD,Etisalat Recharge
POS-7C7833B0,2025-09-13,136.93,AED,SO,Carrefour Hypermarket Mall of the Emirates
A2A-1B801858,2025-08-12,691.98,AED,CARD,Amazon AE
PAY-EE5BEA92,2025-10-18,228.34,AED,CARD,Noon.com
BNK-DD59DA45,2025-10-21,99.45,AED,A2A,Virgin Mobile UAE
POS-87AA00A0,2025-07-30,305.93,AED,A2A,NMC Hospital
A2A-F345B554,2025-10-09,134.66,AED,A2A,Domino's
BNK-D3011F08,2025-09-12,208.79,AED,CARD,ADNOC Service Station Abu Dhabi
POS-5C6F3D05,2025-09-14,628.14,AED,CARD,Union Coop Al Barsha
CRD-318D05EF,2025-09-02,57.52,AED,CARD,Emarat Service Station
POS-C660A96F,2025-08-21,2680.72,AED,A2A,SABIS School Tuition
CRD-14B4D305,2025-08-16,267.58,AED,CARD,Caribou Coffee
CRD-AB766594,2025-09-21,653.53,AED,WALLET,Dubai Duty Free
PAY-CBC798BD,2025-09-01,126.05,AED,CARD,Starbucks
POS-578EE2C3,2025-09-24,85.28,AED,CARD,Mawaqif Parking Abu Dhabi
POS-35B4DA0A,2025-09-13,841.43,AED,A2A,Grandiose Supermarket
A2A-1EE4F2D3,2025-08-29,237.83,AED,A2A,Caribou Coffee
BNK-D131A2BD,2025-08-10,468.60,AED,CARD,Jumbo Electronics
POS-481C086F,2025-08-14,1015.42,AED,CARD,Grandiose Supermarket
A2A-63DFAB3B,2025-10-02,223.57,AED,SO,Carrefour Hypermarket Mall of the Emirates
POS-FDCB8EB0,2025-10-04,85.37,AED,A2A,Emarat Service Station
PAY-42D3FAA0,2025-09-19,314.16,AED,CARD,Talabat Order
A2A-696AEB29,2025-10-19,102.05,AED,A2A,Virgin Mobile UAE
A2A-83EB2A1E,2025-08-23,733.01,AED,CARD,Amazon AE
A2A-0B09EC5D,2025-08-25,18.61,AED,CARD,Five Guys
